{
  "patient_id": "SYN006",
  "modality": "longitudinal_hormonal_state",
  "embedding": [
    -0.028139861702653236,
    -0.22475108458750598,
    -0.03285167208314914,
    0.1463693520333591,
    -0.6308965815210095,
    -0.5213203763428562,
    -0.05104929313958594,
    -0.806807027451282,
    -0.013962284763013866,
    -0.6217358575494744,
    -0.38793545147545955,
    0.09444846900234329,
    0.1579205084480998,
    0.6696010080307382,
    0.04102428319295716,
    -0.5086505248874995,
    -0.8113168391507467,
    -0.8392464243393194,
    0.5921878121967898,
    -0.5164691811738886,
    0.7442948920433962,
    0.7334529238494101,
    0.5132565150099404,
    -0.7950912945946599,
    -0.07866115972629242,
    0.4963508964279649,
    0.6304780339096703,
    -0.48056063359466666,
    0.7489695374385232,
    0.7610691384215154,
    0.745097122971891,
    0.8088906105565614
  ],
  "structured_features": {
    "predicted_cycle_phase": "luteal",
    "cycle_phase_entropy": 0.035816808200744364,
    "input_coverage": 0.673469387755102,
    "lookback_days": 21,
    "interpretation": "Current hormonal-state estimate. Not a subtype, diagnosis, or clinical decision.",
    "p_menstrual": 0.006857462222333738,
    "p_follicular": 0.0002101796627654813,
    "p_peri_ovulatory": 0.0008231916898698892,
    "p_luteal": 0.992109166425031,
    "predicted_lh": -4.840255813664866,
    "predicted_e3g": 39.974508018544284,
    "predicted_pdg": 11.571312469996492,
    "p_symptom_bloating": 0.43325588247995306,
    "p_symptom_breast_tenderness": 0.31958377420940515,
    "p_symptom_cramps": 0.15971879673978207,
    "p_symptom_mood_low": 0.27793485813558616
  },
  "quality_score": 0.673469387755102,
  "confidence_score": 0.9641831917992556,
  "observed_at": "study_day_79",
  "model_version": "0.1.0",
  "source_dataset": "synthetic_cycles",
  "provenance_ids": [],
  "missing_fields": [],
  "warnings": [
    "This is a current hormonal-state estimate for one day. It is not a subtype, phenotype, diagnosis, or clinical assessment, and it does not describe a stable trait of this person.",
    "This is a current hormonal-state estimate for one day. It is not a subtype, phenotype, diagnosis, or clinical assessment, and it does not describe a stable trait of this person."
  ]
}
