{
  "lh": {
    "mean": 6.071084337349398,
    "std": 7.764762014056133,
    "n_observed": 3154
  },
  "e3g": {
    "mean": 134.55722891566265,
    "std": 103.95729816385403,
    "n_observed": 3154
  },
  "resting_heart_rate": {
    "mean": 69.44788827056668,
    "std": 5.694616533800533,
    "n_observed": 2861
  },
  "wrist_temperature": {
    "mean": 33.81532998691409,
    "std": 0.9226400265749742,
    "n_observed": 2669
  },
  "mean_glucose": {
    "mean": 111.87455792269435,
    "std": 13.700629298292618,
    "n_observed": 1887
  },
  "hrv_rmssd": {
    "mean": 54.64154790471975,
    "std": 27.11640222796051,
    "n_observed": 2814
  },
  "pdg": {
    "mean": 6.695368620037806,
    "std": 7.665005749762516,
    "n_observed": 1058
  }
}
